1,Abir,31,101
2,Abir,34,101
3,Abir,34,101
4,Abir,33,101
5,Abir,34,101
6,Abir,34,101
7,Abir,34,101
8,Abir,34,101
9,Abir,34,101
10,Abir,38,101
11,Abir,34,101
12,Abir,34,101
13,Abir,34,101
14,Abir,34,101
15,Abir,34,101
16,Abir,34,101
17,Abir,34,101
18,Abir,34,24
19,Shamim,34,101
20,Shamim,34,101
21,Shamim,34,101
22,Shamim,34,101
23,Shamim,34,101
24,Shamim,34,101
25,Shamim,34,101
26,Shamim,34,101
27,Shamim,34,101
28,Shamim,34,101
29,Shamim,34,101
30,Shamim,34,101
31,Shamim,34,101
32,Shamim,34,101
33,Shamim,34,101
34,Shamim,34,101
35,Shamim,34,101
36,Shamim,32,101
37,Shamim,34,101
38,Shamim,34,101
39,Shamim,34,101
40,Shamim,34,101
41,Shamim,34,101
42,Shamim,34,101
43,Shamim,34,101
44,Shamim,34,101
45,Shamim,34,101
46,Shamim,34,101
47,Shamim,34,101
48,Shamim,34,101
49,Shamim,34,101
50,Shamim,34,101
51,Shamim,34,101
52,Shamim,34,101
53,Shamim,34,14
54,Shamim,34,92
55,Shamim,34,101
56,Shamim,34,27
57,Shamim,34,101
64,Shamim,34,3
67,Shamim,34,14
73,Shamim,34,12
74,Shamim,34,31
78,Shamim,32,101
84,Shamim,34,101
94,Shamim,34,101
95,Shamim,34,125
96,Shamim,34,62
97,Shamim,34,59
98,Shamim,34,23
99,Shamim,34,52
100,Rafik,34,97
101,Rafik,34,54
102,Rafik,34,81
103,Rafik,34,55
104,Rafik,34,36
105,Rafik,34,4
106,Rafik,34,114
107,Rafik,34,23
108,Rafik,34,85
109,Rafik,34,117
110,Rafik,34,73
111,Rafik,34,94
112,Rafik,34,78
113,Rafik,34,65
114,Rafik,34,76
115,Rafik,34,57
116,Rafik,34,89
117,Rafik,34,45
118,Rafik,34,28
119,Rafik,34,58
120,Rafik,34,99
121,Rafik,34,68
122,Rafik,34,77
123,Rafik,34,14
124,Rafik,34,101
132,Rafik,34,22
133,Rafik,34,10
140,Rafik,34,98
141,Rafik,34,9
142,Tanvir Ahmed,34,101
144,Tanvir Ahmed,34,3
145,Tanvir Ahmed,34,2
146,Tanvir Ahmed,34,101
147,Tanvir Ahmed,34,8
152,Tanvir Ahmed,34,89
154,Tanvir Ahmed,34,16
155,Tanvir Ahmed,34,19
156,Md. Abdur Rahman,34,45
157,Md. Abdur Rahman,34,108
158,Md. Abdur Rahman,34,18
168,Md. Abdur Rahman,34,109
169,Md. Abdur Rahman,34,52
174,Md. Abdur Rahman,34,87
179,Md. Abdur Rahman,34,46
180,Md. Abdur Rahman,34,72
185,Md. Abdur Rahman,34,22
188,Md. Abdur Rahman,34,30
193,Md. Abdur Rahman,34,99
195,Mirza Asma Ferdous,34,77
196,Mirza Asma Ferdous,34,67
198,Mirza Asma Ferdous,34,93
200,Mirza Asma Ferdous,34,85
205,Mirza Asma Ferdous,34,50
206,Mirza Asma Ferdous,34,56
207,Mirza Asma Ferdous,34,86
213,Mirza Asma Ferdous,34,10
216,Mirza Asma Ferdous,34,37
219,Mirza Asma Ferdous,34,55
225,Mirza Asma Ferdous,34,75
226,Mirza Asma Ferdous,34,44
227,Mirza Asma Ferdous,34,22
228,Mirza Asma Ferdous,34,27
229,Mirza Asma Ferdous,34,7
230,Mirza Asma Ferdous,34,1
231,Mirza Asma Ferdous,34,3
232,Mirza Asma Ferdous,34,66
233,Mirza Asma Ferdous,34,83
234,Mirza Asma Ferdous,34,37
235,Mirza Asma Ferdous,34,62
236,Mirza Asma Ferdous,34,34
237,Mirza Asma Ferdous,34,50
238,Mirza Asma Ferdous,34,79
239,Mirza Asma Ferdous,34,13
248,Mirza Asma Ferdous,34,112
252,Mirza Asma Ferdous,34,101
253,Mirza Asma Ferdous,34,112
254,Mirza Asma Ferdous,34,40
255,Mirza Asma Ferdous,34,36
256,Mirza Asma Ferdous,34,42
257,Mirza Asma Ferdous,34,10
258,Mirza Asma Ferdous,34,25
259,Mirza Asma Ferdous,34,25
260,Mirza Asma Ferdous,34,31
261,Mirza Asma Ferdous,34,86
262,Mirza Asma Ferdous,34,19
263,Mirza Asma Ferdous,34,9
264,Mirza Asma Ferdous,34,27
265,Mirza Asma Ferdous,34,6
266,Mirza Asma Ferdous,34,101
267,Mirza Asma Ferdous,32,101
269,Mirza Asma Ferdous,32,101
273,Mirza Asma Ferdous,34,101
275,Mirza Asma Ferdous,34,125
276,Mirza Asma Ferdous,34,121
277,Mirza Asma Ferdous,34,78
278,Mirza Asma Ferdous,34,90
279,Mirza Asma Ferdous,34,81
280,Mirza Asma Ferdous,34,47
281,Mirza Asma Ferdous,34,6
282,Mirza Asma Ferdous,34,97
284,Mirza Asma Ferdous,32,101
285,Mirza Asma Ferdous,34,101
288,Mirza Asma Ferdous,32,101
289,Mirza Asma Ferdous,34,32
295,Mirza Asma Ferdous,34,31
307,Mirza Asma Ferdous,34,101
309,Mirza Asma Ferdous,34,101
310,Mirza Asma Ferdous,34,122
311,Mirza Asma Ferdous,34,62
312,Mirza Asma Ferdous,34,92
313,Mirza Asma Ferdous,34,5
314,Mirza Asma Ferdous,34,1
315,Mirza Asma Ferdous,34,11
316,Mirza Asma Ferdous,34,71
317,Mirza Asma Ferdous,34,39
318,Mirza Asma Ferdous,34,17
319,Mirza Asma Ferdous,34,107
320,Mirza Asma Ferdous,34,38
321,Mirza Asma Ferdous,34,100
322,Mirza Asma Ferdous,34,64
323,Mirza Asma Ferdous,34,58
324,Mirza Asma Ferdous,34,36
325,Mirza Asma Ferdous,34,117
326,Mirza Asma Ferdous,34,113
327,Mirza Asma Ferdous,34,63
328,Mirza Asma Ferdous,34,68
329,Mirza Asma Ferdous,34,108
330,Mirza Asma Ferdous,34,115
331,Mirza Asma Ferdous,34,35
332,Mirza Asma Ferdous,34,66
333,Mirza Asma Ferdous,34,23
